{"nt": 19, "nObs": 18, "nSubjects": 1, "iObs": [2, 3, 4, 5, 6, 7, 8, 9, 10, 11, 12, 13, 14, 15, 16, 17, 18, 19], "start": [1], "end": [19], "cmt": [1, 2, 2, 2, 2, 2, 2, 2, 2, 2, 2, 2, 2, 2, 2, 2, 2, 2, 2], "evid": [1, 0, 0, 0, 0, 0, 0, 0, 0, 0, 0, 0, 0, 0, 0, 0, 0, 0, 0], "addl": [0, 0, 0, 0, 0, 0, 0, 0, 0, 0, 0, 0, 0, 0, 0, 0, 0, 0, 0], "ss": [0, 0, 0, 0, 0, 0, 0, 0, 0, 0, 0, 0, 0, 0, 0, 0, 0, 0, 0], "amt": [35812.0846004596, 0.0, 0.0, 0.0, 0.0, 0.0, 0.0, 0.0, 0.0, 0.0, 0.0, 0.0, 0.0, 0.0, 0.0, 0.0, 0.0, 0.0, 0.0], "time": [0.0, 0.0, 0.166665999999999, 0.333333, 0.5, 0.666665999999999, 0.833333, 1.0, 1.333333, 1.666666, 2.0, 2.333333, 2.833333, 3.333333, 3.833333, 4.333333, 5.333333, 5.833333, 7.333333], "rate": [0, 0, 0, 0, 0, 0, 0, 0, 0, 0, 0, 0, 0, 0, 0, 0, 0, 0, 0], "ii": [0, 0, 0, 0, 0, 0, 0, 0, 0, 0, 0, 0, 0, 0, 0, 0, 0, 0, 0], "cObs": [0.0, 25.26284, 64.51457, 96.46124, 117.67164, 122.28804, 103.69774, 97.70884, 90.59714, 74.54585, 66.31121, 44.13013, 33.64967, 22.97465, 14.98955, 11.79799, 6.80729, 0.444149999999999]}