{"nt": 21, "nObs": 20, "nSubjects": 1, "iObs": [2, 3, 4, 5, 6, 7, 8, 9, 10, 11, 12, 13, 14, 15, 16, 17, 18, 19, 20, 21], "start": [1], "end": [21], "cmt": [1, 2, 2, 2, 2, 2, 2, 2, 2, 2, 2, 2, 2, 2, 2, 2, 2, 2, 2, 2, 2], "evid": [1, 0, 0, 0, 0, 0, 0, 0, 0, 0, 0, 0, 0, 0, 0, 0, 0, 0, 0, 0, 0], "addl": [0, 0, 0, 0, 0, 0, 0, 0, 0, 0, 0, 0, 0, 0, 0, 0, 0, 0, 0, 0, 0], "ss": [0, 0, 0, 0, 0, 0, 0, 0, 0, 0, 0, 0, 0, 0, 0, 0, 0, 0, 0, 0, 0], "amt": [59686.80766743267, 0.0, 0.0, 0.0, 0.0, 0.0, 0.0, 0.0, 0.0, 0.0, 0.0, 0.0, 0.0, 0.0, 0.0, 0.0, 0.0, 0.0, 0.0, 0.0, 0.0], "time": [0.0, 0.0, 0.0833329999999997, 0.166667, 0.25, 0.333333, 0.5, 0.666667, 0.75, 0.833333, 1.0, 1.166667, 1.333333, 1.666667, 2.0, 2.5, 3.0, 3.5, 4.0, 4.5, 5.0], "rate": [0, 0, 0, 0, 0, 0, 0, 0, 0, 0, 0, 0, 0, 0, 0, 0, 0, 0, 0, 0, 0], "ii": [0, 0, 0, 0, 0, 0, 0, 0, 0, 0, 0, 0, 0, 0, 0, 0, 0, 0, 0, 0, 0], "cObs": [0.0, 12.36902, 51.33141, 110.1959, 161.5273, 247.8479, 284.6457, 256.8154, 253.4139, 228.9851, 192.4965, 174.5614, 141.7835, 121.4401, 89.2806, 58.97654, 35.4754, 26.50787, 8.88204, 9.97351]}